1;Debra;Conejo;44
2;Carolyn;Gato;7
3;Tracy;Hámster;21
4;Nicholas;Conejo;33
5;Amanda;Pez;38
6;William;Perro;25
7;Elizabeth;Pez;24
8;Edward;Pájaro;14
9;Brian;Pájaro;4
10;Melvin;Tortuga;44
11;Karen;Pájaro;47
12;Cassandra;Gato;4
13;Bill;Pájaro;21
14;Kathy;Conejo;3
15;Justin;Gato;33
16;Steven;Tortuga;12
17;Susan;Pájaro;31
18;Charles;Gato;5
19;Shannon;Gato;5
20;Mark;Pez;20
21;Kristi;Conejo;4
22;Kathryn;Hámster;36
23;Donald;Hámster;24
24;Tracey;Pez;49
25;Dale;Tortuga;18
26;Karen;Conejo;41
27;Ryan;Perro;4
28;Carl;Perro;8
29;Tiffany;Gato;25
30;Cindy;Perro;10
31;John;Conejo;19
32;Alexis;Gato;29
33;Patricia;Pez;25
34;Michael;Perro;29
35;Laura;Perro;35
36;James;Hámster;47
37;Charles;Gato;50
38;Stephanie;Pájaro;8
39;Crystal;Tortuga;31
40;Sandra;Pez;35
41;Peter;Perro;40
42;David;Conejo;16
43;Peter;Pez;38
44;Marie;Perro;37
45;Joshua;Conejo;26
46;Douglas;Tortuga;23
47;Jennifer;Tortuga;37
48;John;Gato;38
49;Amanda;Pájaro;40
50;Dana;Pájaro;28
51;Brittany;Tortuga;25
52;Christopher;Conejo;29
53;Michael;Tortuga;35
54;Michael;Pez;44
55;Richard;Perro;1
56;Seth;Pez;34
57;Justin;Pez;50
58;Jennifer;Pájaro;44
59;Grace;Gato;23
60;Sarah;Conejo;14
61;Amanda;Perro;17
62;Erin;Gato;42
63;Patricia;Gato;10
64;Dawn;Conejo;5
65;Breanna;Gato;4
66;Dana;Gato;21
67;Terri;Pez;8
68;Logan;Hámster;35
69;Heather;Gato;5
70;James;Conejo;21
71;Jonathan;Perro;43
72;Monique;Tortuga;5
73;Joel;Pez;37
74;Amy;Perro;21
75;David;Conejo;30
76;Robert;Hámster;30
77;Lori;Conejo;27
78;Brandon;Hámster;22
79;Mark;Tortuga;23
80;Timothy;Tortuga;23
81;Crystal;Hámster;27
82;Julie;Conejo;28
83;Joel;Pájaro;11
84;Leah;Pájaro;13
85;John;Gato;26
86;Michelle;Hámster;43
87;Heather;Pájaro;21
88;Teresa;Conejo;40
89;Amanda;Tortuga;42
90;William;Conejo;23
91;Catherine;Pez;20
92;Tina;Gato;37
93;Daniel;Conejo;10
94;Mary;Tortuga;7
95;Wendy;Tortuga;20
96;Mallory;Conejo;15
97;Veronica;Hámster;34
98;Beth;Tortuga;41
99;David;Pájaro;32
100;Judy;Perro;13
101;Christopher;Hámster;44
102;Gina;Conejo;33
103;Angela;Hámster;32
104;Katelyn;Perro;25
105;Brian;Conejo;45
106;Joe;Tortuga;43
107;Shawn;Pájaro;2
108;David;Conejo;39
109;Debbie;Perro;19
110;Kayla;Hámster;46
111;Shelby;Tortuga;24
112;Carolyn;Hámster;36
113;Victoria;Hámster;9
114;Diana;Gato;43
115;David;Pez;11
116;Jennifer;Conejo;46
117;Phillip;Tortuga;9
118;Mason;Hámster;39
119;Heather;Pájaro;37
120;Douglas;Conejo;47
121;Barbara;Perro;49
122;Anthony;Pájaro;24
123;Julie;Perro;49
124;Stanley;Conejo;18
125;Geoffrey;Perro;36
126;Laura;Conejo;48
127;Kristina;Hámster;9
128;Randy;Hámster;38
129;Sheri;Tortuga;14
130;Michelle;Tortuga;16
131;Marie;Tortuga;10
132;Catherine;Pájaro;9
133;Danielle;Perro;3
134;Carlos;Pájaro;40
135;Jennifer;Pez;13
136;Jerome;Perro;12
137;Bryan;Pájaro;25
138;Levi;Pez;9
139;Amy;Pez;28
140;Angela;Pez;29
141;Penny;Hámster;7
142;Tina;Conejo;27
143;Michael;Gato;26
144;Jessica;Pájaro;49
145;Caitlin;Conejo;30
146;Wesley;Pájaro;33
147;Darrell;Tortuga;50
148;Kevin;Perro;19
149;Nancy;Hámster;33
150;Sheila;Tortuga;1
151;Theresa;Perro;48
152;David;Conejo;24
153;Susan;Conejo;46
154;John;Gato;40
155;John;Conejo;9
156;Justin;Gato;18
157;Jennifer;Tortuga;6
158;Cassandra;Tortuga;44
159;David;Perro;21
160;Jamie;Pez;30
161;Chelsea;Gato;17
162;Jonathan;Tortuga;16
163;Brenda;Pájaro;13
164;Timothy;Gato;26
165;Michelle;Perro;6
166;Michael;Perro;30
167;Bobby;Hámster;38
168;Elizabeth;Hámster;42
169;Mark;Hámster;24
170;Derek;Gato;20
171;Erin;Pájaro;37
172;Omar;Tortuga;34
173;Thomas;Tortuga;21
174;William;Hámster;34
175;Kathy;Gato;50
176;Jeremy;Conejo;19
177;Cameron;Perro;4
178;William;Hámster;4
179;Jesse;Gato;21
180;Scott;Conejo;6
181;Douglas;Gato;7
182;Monica;Perro;38
183;Kimberly;Conejo;43
184;Michael;Hámster;14
185;Adriana;Conejo;43
186;Christopher;Tortuga;48
187;Joseph;Tortuga;16
188;Crystal;Tortuga;18
189;Haley;Perro;8
190;Jeremy;Conejo;10
191;Robert;Perro;30
192;Tiffany;Tortuga;27
193;Stacey;Perro;33
194;Benjamin;Tortuga;42
195;Matthew;Hámster;45
196;Amy;Pájaro;21
197;Duane;Pez;38
198;James;Pájaro;31
199;Kimberly;Tortuga;3
200;Stacy;Conejo;22
